href,language_num,sex,native_language
http://accent.gmu.edu/browse_language.php?function=detail&speakerid=256,mandarin1,female,mandarin
http://accent.gmu.edu/browse_language.php?function=detail&speakerid=257,mandarin2,female,mandarin
http://accent.gmu.edu/browse_language.php?function=detail&speakerid=258,mandarin3,male,mandarin
http://accent.gmu.edu/browse_language.php?function=detail&speakerid=259,mandarin4,female,mandarin
http://accent.gmu.edu/browse_language.php?function=detail&speakerid=260,mandarin5,female,mandarin
http://accent.gmu.edu/browse_language.php?function=detail&speakerid=261,mandarin6,female,mandarin
http://accent.gmu.edu/browse_language.php?function=detail&speakerid=262,mandarin7,male,mandarin
http://accent.gmu.edu/browse_language.php?function=detail&speakerid=430,mandarin8,male,mandarin
http://accent.gmu.edu/browse_language.php?function=detail&speakerid=451,mandarin9,male,mandarin
http://accent.gmu.edu/browse_language.php?function=detail&speakerid=491,mandarin10,male,mandarin
http://accent.gmu.edu/browse_language.php?function=detail&speakerid=607,mandarin11,female,mandarin
http://accent.gmu.edu/browse_language.php?function=detail&speakerid=623,mandarin12,male,mandarin
http://accent.gmu.edu/browse_language.php?function=detail&speakerid=685,mandarin13,male,mandarin
http://accent.gmu.edu/browse_language.php?function=detail&speakerid=719,mandarin14,male,mandarin
http://accent.gmu.edu/browse_language.php?function=detail&speakerid=746,mandarin15,female,mandarin
http://accent.gmu.edu/browse_language.php?function=detail&speakerid=750,mandarin16,male,mandarin
http://accent.gmu.edu/browse_language.php?function=detail&speakerid=796,mandarin17,male,mandarin
http://accent.gmu.edu/browse_language.php?function=detail&speakerid=872,mandarin18,female,mandarin
http://accent.gmu.edu/browse_language.php?function=detail&speakerid=916,mandarin19,male,mandarin
http://accent.gmu.edu/browse_language.php?function=detail&speakerid=931,mandarin20,female,mandarin
http://accent.gmu.edu/browse_language.php?function=detail&speakerid=984,mandarin21,female,mandarin
http://accent.gmu.edu/browse_language.php?function=detail&speakerid=1019,mandarin22,female,mandarin
http://accent.gmu.edu/browse_language.php?function=detail&speakerid=1044,mandarin23,female,mandarin
http://accent.gmu.edu/browse_language.php?function=detail&speakerid=1089,mandarin24,female,mandarin
http://accent.gmu.edu/browse_language.php?function=detail&speakerid=1125,mandarin25,female,mandarin
http://accent.gmu.edu/browse_language.php?function=detail&speakerid=1141,mandarin26,female,mandarin
http://accent.gmu.edu/browse_language.php?function=detail&speakerid=1154,mandarin27,male,mandarin
http://accent.gmu.edu/browse_language.php?function=detail&speakerid=1447,mandarin28,male,mandarin
http://accent.gmu.edu/browse_language.php?function=detail&speakerid=1490,mandarin29,male,mandarin
http://accent.gmu.edu/browse_language.php?function=detail&speakerid=1491,mandarin30,male,mandarin
http://accent.gmu.edu/browse_language.php?function=detail&speakerid=1519,mandarin31,female,mandarin
http://accent.gmu.edu/browse_language.php?function=detail&speakerid=1527,mandarin32,female,mandarin
http://accent.gmu.edu/browse_language.php?function=detail&speakerid=1541,mandarin33,male,mandarin
http://accent.gmu.edu/browse_language.php?function=detail&speakerid=1578,mandarin34,female,mandarin
http://accent.gmu.edu/browse_language.php?function=detail&speakerid=1579,mandarin35,female,mandarin
http://accent.gmu.edu/browse_language.php?function=detail&speakerid=1580,mandarin36,female,mandarin
http://accent.gmu.edu/browse_language.php?function=detail&speakerid=1581,mandarin37,female,mandarin
http://accent.gmu.edu/browse_language.php?function=detail&speakerid=1582,mandarin38,female,mandarin
http://accent.gmu.edu/browse_language.php?function=detail&speakerid=1583,mandarin39,female,mandarin
http://accent.gmu.edu/browse_language.php?function=detail&speakerid=1614,mandarin40,male,mandarin
http://accent.gmu.edu/browse_language.php?function=detail&speakerid=1615,mandarin41,female,mandarin
http://accent.gmu.edu/browse_language.php?function=detail&speakerid=1616,mandarin42,female,mandarin
http://accent.gmu.edu/browse_language.php?function=detail&speakerid=1617,mandarin43,female,mandarin
http://accent.gmu.edu/browse_language.php?function=detail&speakerid=1630,mandarin44,male,mandarin
http://accent.gmu.edu/browse_language.php?function=detail&speakerid=1631,mandarin45,female,mandarin
http://accent.gmu.edu/browse_language.php?function=detail&speakerid=1636,mandarin46,female,mandarin
http://accent.gmu.edu/browse_language.php?function=detail&speakerid=1644,mandarin47,female,mandarin
http://accent.gmu.edu/browse_language.php?function=detail&speakerid=1645,mandarin48,male,mandarin
http://accent.gmu.edu/browse_language.php?function=detail&speakerid=1736,mandarin49,male,mandarin
http://accent.gmu.edu/browse_language.php?function=detail&speakerid=1788,mandarin50,male,mandarin
http://accent.gmu.edu/browse_language.php?function=detail&speakerid=1792,mandarin51,male,mandarin
http://accent.gmu.edu/browse_language.php?function=detail&speakerid=1793,mandarin52,female,mandarin
http://accent.gmu.edu/browse_language.php?function=detail&speakerid=1817,mandarin53,female,mandarin
http://accent.gmu.edu/browse_language.php?function=detail&speakerid=1900,mandarin54,female,mandarin
http://accent.gmu.edu/browse_language.php?function=detail&speakerid=1909,mandarin55,female,mandarin
http://accent.gmu.edu/browse_language.php?function=detail&speakerid=1910,mandarin56,female,mandarin
http://accent.gmu.edu/browse_language.php?function=detail&speakerid=1990,mandarin57,male,mandarin
http://accent.gmu.edu/browse_language.php?function=detail&speakerid=2000,mandarin58,male,mandarin
http://accent.gmu.edu/browse_language.php?function=detail&speakerid=2019,mandarin59,female,mandarin
http://accent.gmu.edu/browse_language.php?function=detail&speakerid=2109,mandarin60,female,mandarin
http://accent.gmu.edu/browse_language.php?function=detail&speakerid=2116,mandarin61,female,mandarin
http://accent.gmu.edu/browse_language.php?function=detail&speakerid=2117,mandarin62,male,mandarin
http://accent.gmu.edu/browse_language.php?function=detail&speakerid=2119,mandarin63,male,mandarin
http://accent.gmu.edu/browse_language.php?function=detail&speakerid=2129,mandarin64,female,mandarin
http://accent.gmu.edu/browse_language.php?function=detail&speakerid=2173,mandarin65,female,mandarin
http://accent.gmu.edu/browse_language.php?function=detail&speakerid=2252,mandarin66,female,mandarin
http://accent.gmu.edu/browse_language.php?function=detail&speakerid=2274,mandarin67,male,mandarin
http://accent.gmu.edu/browse_language.php?function=detail&speakerid=2281,mandarin68,male,mandarin
http://accent.gmu.edu/browse_language.php?function=detail&speakerid=2282,mandarin69,male,mandarin
http://accent.gmu.edu/browse_language.php?function=detail&speakerid=2291,mandarin70,female,mandarin
http://accent.gmu.edu/browse_language.php?function=detail&speakerid=2294,mandarin71,female,mandarin
http://accent.gmu.edu/browse_language.php?function=detail&speakerid=2306,mandarin72,female,mandarin
http://accent.gmu.edu/browse_language.php?function=detail&speakerid=2319,mandarin73,female,mandarin
http://accent.gmu.edu/browse_language.php?function=detail&speakerid=2323,mandarin74,male,mandarin
http://accent.gmu.edu/browse_language.php?function=detail&speakerid=2332,mandarin75,male,mandarin
http://accent.gmu.edu/browse_language.php?function=detail&speakerid=2348,mandarin76,male,mandarin
http://accent.gmu.edu/browse_language.php?function=detail&speakerid=2355,mandarin77,female,mandarin
http://accent.gmu.edu/browse_language.php?function=detail&speakerid=2360,mandarin78,female,mandarin
http://accent.gmu.edu/browse_language.php?function=detail&speakerid=2365,mandarin79,female,mandarin
http://accent.gmu.edu/browse_language.php?function=detail&speakerid=2413,mandarin80,male,mandarin
http://accent.gmu.edu/browse_language.php?function=detail&speakerid=2414,mandarin81,female,mandarin
http://accent.gmu.edu/browse_language.php?function=detail&speakerid=2418,mandarin82,female,mandarin
http://accent.gmu.edu/browse_language.php?function=detail&speakerid=2419,mandarin83,female,mandarin
http://accent.gmu.edu/browse_language.php?function=detail&speakerid=2420,mandarin84,female,mandarin
http://accent.gmu.edu/browse_language.php?function=detail&speakerid=2421,mandarin85,female,mandarin
http://accent.gmu.edu/browse_language.php?function=detail&speakerid=2423,mandarin86,female,mandarin
http://accent.gmu.edu/browse_language.php?function=detail&speakerid=2435,mandarin87,female,mandarin
http://accent.gmu.edu/browse_language.php?function=detail&speakerid=2447,mandarin88,male,mandarin
http://accent.gmu.edu/browse_language.php?function=detail&speakerid=2448,mandarin89,male,mandarin
http://accent.gmu.edu/browse_language.php?function=detail&speakerid=2461,mandarin90,male,mandarin
http://accent.gmu.edu/browse_language.php?function=detail&speakerid=2463,mandarin91,male,mandarin
http://accent.gmu.edu/browse_language.php?function=detail&speakerid=2469,mandarin92,female,mandarin
http://accent.gmu.edu/browse_language.php?function=detail&speakerid=2474,mandarin93,female,mandarin
http://accent.gmu.edu/browse_language.php?function=detail&speakerid=2477,mandarin94,male,mandarin
http://accent.gmu.edu/browse_language.php?function=detail&speakerid=2483,mandarin95,female,mandarin
http://accent.gmu.edu/browse_language.php?function=detail&speakerid=2494,mandarin96,female,mandarin
http://accent.gmu.edu/browse_language.php?function=detail&speakerid=2523,mandarin97,female,mandarin
http://accent.gmu.edu/browse_language.php?function=detail&speakerid=2524,mandarin98,female,mandarin
http://accent.gmu.edu/browse_language.php?function=detail&speakerid=2529,mandarin99,female,mandarin
http://accent.gmu.edu/browse_language.php?function=detail&speakerid=2530,mandarin100,female,mandarin
http://accent.gmu.edu/browse_language.php?function=detail&speakerid=2531,mandarin101,female,mandarin
http://accent.gmu.edu/browse_language.php?function=detail&speakerid=2532,mandarin102,female,mandarin
http://accent.gmu.edu/browse_language.php?function=detail&speakerid=2538,mandarin103,female,mandarin
http://accent.gmu.edu/browse_language.php?function=detail&speakerid=2539,mandarin104,female,mandarin
http://accent.gmu.edu/browse_language.php?function=detail&speakerid=2540,mandarin105,female,mandarin
http://accent.gmu.edu/browse_language.php?function=detail&speakerid=2542,mandarin106,female,mandarin
http://accent.gmu.edu/browse_language.php?function=detail&speakerid=2554,mandarin107,female,mandarin
http://accent.gmu.edu/browse_language.php?function=detail&speakerid=2557,mandarin108,female,mandarin
http://accent.gmu.edu/browse_language.php?function=detail&speakerid=2559,mandarin109,female,mandarin
http://accent.gmu.edu/browse_language.php?function=detail&speakerid=2560,mandarin110,female,mandarin
http://accent.gmu.edu/browse_language.php?function=detail&speakerid=2562,mandarin111,female,mandarin
http://accent.gmu.edu/browse_language.php?function=detail&speakerid=2564,mandarin112,male,mandarin
http://accent.gmu.edu/browse_language.php?function=detail&speakerid=2566,mandarin113,male,mandarin
http://accent.gmu.edu/browse_language.php?function=detail&speakerid=2599,mandarin114,female,mandarin
http://accent.gmu.edu/browse_language.php?function=detail&speakerid=2675,mandarin115,male,mandarin
http://accent.gmu.edu/browse_language.php?function=detail&speakerid=2677,mandarin116,male,mandarin
http://accent.gmu.edu/browse_language.php?function=detail&speakerid=2678,mandarin117,male,mandarin
http://accent.gmu.edu/browse_language.php?function=detail&speakerid=2679,mandarin118,female,mandarin
http://accent.gmu.edu/browse_language.php?function=detail&speakerid=2699,mandarin119,female,mandarin
http://accent.gmu.edu/browse_language.php?function=detail&speakerid=2700,mandarin120,male,mandarin
http://accent.gmu.edu/browse_language.php?function=detail&speakerid=2708,mandarin121,female,mandarin
http://accent.gmu.edu/browse_language.php?function=detail&speakerid=2711,mandarin122,male,mandarin
http://accent.gmu.edu/browse_language.php?function=detail&speakerid=2714,mandarin123,male,mandarin
http://accent.gmu.edu/browse_language.php?function=detail&speakerid=2716,mandarin124,female,mandarin
http://accent.gmu.edu/browse_language.php?function=detail&speakerid=2719,mandarin125,female,mandarin
http://accent.gmu.edu/browse_language.php?function=detail&speakerid=2726,mandarin126,male,mandarin
http://accent.gmu.edu/browse_language.php?function=detail&speakerid=2748,mandarin127,male,mandarin
http://accent.gmu.edu/browse_language.php?function=detail&speakerid=2772,mandarin128,female,mandarin
http://accent.gmu.edu/browse_language.php?function=detail&speakerid=2773,mandarin129,female,mandarin
http://accent.gmu.edu/browse_language.php?function=detail&speakerid=61,english1,male,english
http://accent.gmu.edu/browse_language.php?function=detail&speakerid=77,english2,female,english
http://accent.gmu.edu/browse_language.php?function=detail&speakerid=88,english3,female,english
http://accent.gmu.edu/browse_language.php?function=detail&speakerid=99,english4,female,english
http://accent.gmu.edu/browse_language.php?function=detail&speakerid=110,english5,male,english
http://accent.gmu.edu/browse_language.php?function=detail&speakerid=121,english6,female,english
http://accent.gmu.edu/browse_language.php?function=detail&speakerid=132,english7,male,english
http://accent.gmu.edu/browse_language.php?function=detail&speakerid=143,english8,female,english
http://accent.gmu.edu/browse_language.php?function=detail&speakerid=154,english9,female,english
http://accent.gmu.edu/browse_language.php?function=detail&speakerid=62,english10,female,english
http://accent.gmu.edu/browse_language.php?function=detail&speakerid=68,english11,female,english
http://accent.gmu.edu/browse_language.php?function=detail&speakerid=69,english12,female,english
http://accent.gmu.edu/browse_language.php?function=detail&speakerid=70,english13,male,english
http://accent.gmu.edu/browse_language.php?function=detail&speakerid=71,english14,male,english
http://accent.gmu.edu/browse_language.php?function=detail&speakerid=72,english15,female,english
http://accent.gmu.edu/browse_language.php?function=detail&speakerid=73,english16,male,english
http://accent.gmu.edu/browse_language.php?function=detail&speakerid=74,english17,male,english
http://accent.gmu.edu/browse_language.php?function=detail&speakerid=75,english18,female,english
http://accent.gmu.edu/browse_language.php?function=detail&speakerid=76,english19,male,english
http://accent.gmu.edu/browse_language.php?function=detail&speakerid=78,english20,female,english
http://accent.gmu.edu/browse_language.php?function=detail&speakerid=79,english21,female,english
http://accent.gmu.edu/browse_language.php?function=detail&speakerid=80,english22,female,english
http://accent.gmu.edu/browse_language.php?function=detail&speakerid=81,english23,male,english
http://accent.gmu.edu/browse_language.php?function=detail&speakerid=82,english24,male,english
http://accent.gmu.edu/browse_language.php?function=detail&speakerid=83,english25,male,english
http://accent.gmu.edu/browse_language.php?function=detail&speakerid=84,english26,male,english
http://accent.gmu.edu/browse_language.php?function=detail&speakerid=85,english27,female,english
http://accent.gmu.edu/browse_language.php?function=detail&speakerid=86,english28,male,english
http://accent.gmu.edu/browse_language.php?function=detail&speakerid=87,english29,female,english
http://accent.gmu.edu/browse_language.php?function=detail&speakerid=89,english30,female,english
http://accent.gmu.edu/browse_language.php?function=detail&speakerid=90,english31,female,english
http://accent.gmu.edu/browse_language.php?function=detail&speakerid=91,english32,female,english
http://accent.gmu.edu/browse_language.php?function=detail&speakerid=92,english33,male,english
http://accent.gmu.edu/browse_language.php?function=detail&speakerid=93,english34,female,english
http://accent.gmu.edu/browse_language.php?function=detail&speakerid=94,english35,female,english
http://accent.gmu.edu/browse_language.php?function=detail&speakerid=95,english36,male,english
http://accent.gmu.edu/browse_language.php?function=detail&speakerid=96,english37,female,english
http://accent.gmu.edu/browse_language.php?function=detail&speakerid=97,english38,male,english
http://accent.gmu.edu/browse_language.php?function=detail&speakerid=98,english39,female,english
http://accent.gmu.edu/browse_language.php?function=detail&speakerid=100,english40,male,english
http://accent.gmu.edu/browse_language.php?function=detail&speakerid=101,english41,male,english
http://accent.gmu.edu/browse_language.php?function=detail&speakerid=102,english42,male,english
http://accent.gmu.edu/browse_language.php?function=detail&speakerid=103,english43,male,english
http://accent.gmu.edu/browse_language.php?function=detail&speakerid=104,english44,female,english
http://accent.gmu.edu/browse_language.php?function=detail&speakerid=105,english45,male,english
http://accent.gmu.edu/browse_language.php?function=detail&speakerid=106,english46,male,english
http://accent.gmu.edu/browse_language.php?function=detail&speakerid=107,english47,female,english
http://accent.gmu.edu/browse_language.php?function=detail&speakerid=108,english48,male,english
http://accent.gmu.edu/browse_language.php?function=detail&speakerid=109,english49,male,english
http://accent.gmu.edu/browse_language.php?function=detail&speakerid=111,english50,female,english
http://accent.gmu.edu/browse_language.php?function=detail&speakerid=112,english51,male,english
http://accent.gmu.edu/browse_language.php?function=detail&speakerid=113,english52,male,english
http://accent.gmu.edu/browse_language.php?function=detail&speakerid=114,english53,male,english
http://accent.gmu.edu/browse_language.php?function=detail&speakerid=115,english54,female,english
http://accent.gmu.edu/browse_language.php?function=detail&speakerid=116,english55,female,english
http://accent.gmu.edu/browse_language.php?function=detail&speakerid=117,english56,male,english
http://accent.gmu.edu/browse_language.php?function=detail&speakerid=118,english57,male,english
http://accent.gmu.edu/browse_language.php?function=detail&speakerid=119,english58,female,english
http://accent.gmu.edu/browse_language.php?function=detail&speakerid=120,english59,male,english
http://accent.gmu.edu/browse_language.php?function=detail&speakerid=122,english60,male,english
http://accent.gmu.edu/browse_language.php?function=detail&speakerid=123,english61,male,english
http://accent.gmu.edu/browse_language.php?function=detail&speakerid=124,english62,male,english
http://accent.gmu.edu/browse_language.php?function=detail&speakerid=125,english63,male,english
http://accent.gmu.edu/browse_language.php?function=detail&speakerid=126,english64,female,english
http://accent.gmu.edu/browse_language.php?function=detail&speakerid=127,english65,male,english
http://accent.gmu.edu/browse_language.php?function=detail&speakerid=128,english66,male,english
http://accent.gmu.edu/browse_language.php?function=detail&speakerid=129,english67,male,english
http://accent.gmu.edu/browse_language.php?function=detail&speakerid=130,english68,male,english
http://accent.gmu.edu/browse_language.php?function=detail&speakerid=131,english69,male,english
http://accent.gmu.edu/browse_language.php?function=detail&speakerid=133,english70,male,english
http://accent.gmu.edu/browse_language.php?function=detail&speakerid=134,english71,male,english
http://accent.gmu.edu/browse_language.php?function=detail&speakerid=135,english72,male,english
http://accent.gmu.edu/browse_language.php?function=detail&speakerid=136,english73,male,english
http://accent.gmu.edu/browse_language.php?function=detail&speakerid=137,english74,male,english
http://accent.gmu.edu/browse_language.php?function=detail&speakerid=138,english75,male,english
http://accent.gmu.edu/browse_language.php?function=detail&speakerid=139,english76,female,english
http://accent.gmu.edu/browse_language.php?function=detail&speakerid=140,english77,male,english
http://accent.gmu.edu/browse_language.php?function=detail&speakerid=141,english78,female,english
http://accent.gmu.edu/browse_language.php?function=detail&speakerid=142,english79,male,english
http://accent.gmu.edu/browse_language.php?function=detail&speakerid=144,english80,male,english
http://accent.gmu.edu/browse_language.php?function=detail&speakerid=145,english81,male,english
http://accent.gmu.edu/browse_language.php?function=detail&speakerid=146,english82,female,english
http://accent.gmu.edu/browse_language.php?function=detail&speakerid=147,english83,female,english
http://accent.gmu.edu/browse_language.php?function=detail&speakerid=148,english84,male,english
http://accent.gmu.edu/browse_language.php?function=detail&speakerid=149,english85,male,english
http://accent.gmu.edu/browse_language.php?function=detail&speakerid=150,english86,male,english
http://accent.gmu.edu/browse_language.php?function=detail&speakerid=151,english87,female,english
http://accent.gmu.edu/browse_language.php?function=detail&speakerid=152,english88,male,english
http://accent.gmu.edu/browse_language.php?function=detail&speakerid=153,english89,male,english
http://accent.gmu.edu/browse_language.php?function=detail&speakerid=155,english90,male,english
http://accent.gmu.edu/browse_language.php?function=detail&speakerid=156,english91,male,english
http://accent.gmu.edu/browse_language.php?function=detail&speakerid=157,english92,female,english
http://accent.gmu.edu/browse_language.php?function=detail&speakerid=158,english93,female,english
http://accent.gmu.edu/browse_language.php?function=detail&speakerid=159,english94,female,english
http://accent.gmu.edu/browse_language.php?function=detail&speakerid=160,english95,male,english
http://accent.gmu.edu/browse_language.php?function=detail&speakerid=161,english96,male,english
http://accent.gmu.edu/browse_language.php?function=detail&speakerid=162,english97,male,english
http://accent.gmu.edu/browse_language.php?function=detail&speakerid=163,english98,male,english
http://accent.gmu.edu/browse_language.php?function=detail&speakerid=164,english99,female,english
http://accent.gmu.edu/browse_language.php?function=detail&speakerid=63,english100,female,english
http://accent.gmu.edu/browse_language.php?function=detail&speakerid=64,english101,female,english
http://accent.gmu.edu/browse_language.php?function=detail&speakerid=65,english102,male,english
http://accent.gmu.edu/browse_language.php?function=detail&speakerid=66,english103,male,english
http://accent.gmu.edu/browse_language.php?function=detail&speakerid=67,english104,female,english
http://accent.gmu.edu/browse_language.php?function=detail&speakerid=407,english105,male,english
http://accent.gmu.edu/browse_language.php?function=detail&speakerid=408,english106,female,english
http://accent.gmu.edu/browse_language.php?function=detail&speakerid=416,english107,male,english
http://accent.gmu.edu/browse_language.php?function=detail&speakerid=419,english108,male,english
http://accent.gmu.edu/browse_language.php?function=detail&speakerid=420,english109,female,english
http://accent.gmu.edu/browse_language.php?function=detail&speakerid=421,english110,male,english
http://accent.gmu.edu/browse_language.php?function=detail&speakerid=426,english111,male,english
http://accent.gmu.edu/browse_language.php?function=detail&speakerid=427,english112,male,english
http://accent.gmu.edu/browse_language.php?function=detail&speakerid=439,english113,male,english
http://accent.gmu.edu/browse_language.php?function=detail&speakerid=442,english114,female,english
http://accent.gmu.edu/browse_language.php?function=detail&speakerid=443,english115,male,english
http://accent.gmu.edu/browse_language.php?function=detail&speakerid=444,english116,male,english
http://accent.gmu.edu/browse_language.php?function=detail&speakerid=445,english117,female,english
http://accent.gmu.edu/browse_language.php?function=detail&speakerid=446,english118,male,english
http://accent.gmu.edu/browse_language.php?function=detail&speakerid=455,english119,female,english
http://accent.gmu.edu/browse_language.php?function=detail&speakerid=456,english120,male,english
http://accent.gmu.edu/browse_language.php?function=detail&speakerid=465,english121,male,english
http://accent.gmu.edu/browse_language.php?function=detail&speakerid=468,english122,female,english
http://accent.gmu.edu/browse_language.php?function=detail&speakerid=469,english123,female,english
http://accent.gmu.edu/browse_language.php?function=detail&speakerid=480,english124,male,english
http://accent.gmu.edu/browse_language.php?function=detail&speakerid=485,english125,male,english
http://accent.gmu.edu/browse_language.php?function=detail&speakerid=487,english126,female,english
http://accent.gmu.edu/browse_language.php?function=detail&speakerid=489,english127,male,english
http://accent.gmu.edu/browse_language.php?function=detail&speakerid=490,english128,female,english
http://accent.gmu.edu/browse_language.php?function=detail&speakerid=492,english129,male,english
http://accent.gmu.edu/browse_language.php?function=detail&speakerid=496,english130,male,english
http://accent.gmu.edu/browse_language.php?function=detail&speakerid=497,english131,male,english
http://accent.gmu.edu/browse_language.php?function=detail&speakerid=503,english132,female,english
http://accent.gmu.edu/browse_language.php?function=detail&speakerid=504,english133,female,english
http://accent.gmu.edu/browse_language.php?function=detail&speakerid=506,english134,female,english
http://accent.gmu.edu/browse_language.php?function=detail&speakerid=507,english135,male,english
http://accent.gmu.edu/browse_language.php?function=detail&speakerid=508,english136,male,english
http://accent.gmu.edu/browse_language.php?function=detail&speakerid=509,english137,male,english
http://accent.gmu.edu/browse_language.php?function=detail&speakerid=510,english138,female,english
http://accent.gmu.edu/browse_language.php?function=detail&speakerid=511,english139,male,english
http://accent.gmu.edu/browse_language.php?function=detail&speakerid=515,english140,male,english
http://accent.gmu.edu/browse_language.php?function=detail&speakerid=516,english141,male,english
http://accent.gmu.edu/browse_language.php?function=detail&speakerid=517,english142,male,english
http://accent.gmu.edu/browse_language.php?function=detail&speakerid=518,english143,male,english
http://accent.gmu.edu/browse_language.php?function=detail&speakerid=519,english144,male,english
http://accent.gmu.edu/browse_language.php?function=detail&speakerid=521,english145,male,english
http://accent.gmu.edu/browse_language.php?function=detail&speakerid=522,english146,male,english
http://accent.gmu.edu/browse_language.php?function=detail&speakerid=523,english147,female,english
http://accent.gmu.edu/browse_language.php?function=detail&speakerid=525,english148,male,english
http://accent.gmu.edu/browse_language.php?function=detail&speakerid=526,english149,male,english
http://accent.gmu.edu/browse_language.php?function=detail&speakerid=527,english150,male,english
http://accent.gmu.edu/browse_language.php?function=detail&speakerid=528,english151,male,english
http://accent.gmu.edu/browse_language.php?function=detail&speakerid=529,english152,male,english
http://accent.gmu.edu/browse_language.php?function=detail&speakerid=533,english153,male,english
http://accent.gmu.edu/browse_language.php?function=detail&speakerid=534,english154,male,english
http://accent.gmu.edu/browse_language.php?function=detail&speakerid=535,english155,male,english
http://accent.gmu.edu/browse_language.php?function=detail&speakerid=536,english156,male,english
http://accent.gmu.edu/browse_language.php?function=detail&speakerid=538,english157,male,english
http://accent.gmu.edu/browse_language.php?function=detail&speakerid=540,english158,female,english
http://accent.gmu.edu/browse_language.php?function=detail&speakerid=541,english159,male,english
http://accent.gmu.edu/browse_language.php?function=detail&speakerid=542,english160,female,english
http://accent.gmu.edu/browse_language.php?function=detail&speakerid=546,english161,female,english
http://accent.gmu.edu/browse_language.php?function=detail&speakerid=548,english162,female,english
http://accent.gmu.edu/browse_language.php?function=detail&speakerid=547,english163,male,english
http://accent.gmu.edu/browse_language.php?function=detail&speakerid=549,english164,male,english
http://accent.gmu.edu/browse_language.php?function=detail&speakerid=550,english165,female,english
http://accent.gmu.edu/browse_language.php?function=detail&speakerid=551,english166,male,english
http://accent.gmu.edu/browse_language.php?function=detail&speakerid=552,english167,male,english
http://accent.gmu.edu/browse_language.php?function=detail&speakerid=554,english168,male,english
http://accent.gmu.edu/browse_language.php?function=detail&speakerid=555,english169,male,english
http://accent.gmu.edu/browse_language.php?function=detail&speakerid=556,english170,female,english
http://accent.gmu.edu/browse_language.php?function=detail&speakerid=563,english171,male,english
http://accent.gmu.edu/browse_language.php?function=detail&speakerid=564,english172,male,english
http://accent.gmu.edu/browse_language.php?function=detail&speakerid=567,english173,male,english
http://accent.gmu.edu/browse_language.php?function=detail&speakerid=568,english174,female,english
http://accent.gmu.edu/browse_language.php?function=detail&speakerid=572,english175,male,english
http://accent.gmu.edu/browse_language.php?function=detail&speakerid=573,english176,female,english
http://accent.gmu.edu/browse_language.php?function=detail&speakerid=574,english177,female,english
http://accent.gmu.edu/browse_language.php?function=detail&speakerid=583,english178,male,english
http://accent.gmu.edu/browse_language.php?function=detail&speakerid=584,english179,male,english
http://accent.gmu.edu/browse_language.php?function=detail&speakerid=585,english180,male,english
http://accent.gmu.edu/browse_language.php?function=detail&speakerid=586,english181,male,english
http://accent.gmu.edu/browse_language.php?function=detail&speakerid=590,english182,male,english
http://accent.gmu.edu/browse_language.php?function=detail&speakerid=595,english183,female,english
http://accent.gmu.edu/browse_language.php?function=detail&speakerid=597,english184,female,english
http://accent.gmu.edu/browse_language.php?function=detail&speakerid=604,english185,male,english
http://accent.gmu.edu/browse_language.php?function=detail&speakerid=605,english186,female,english
http://accent.gmu.edu/browse_language.php?function=detail&speakerid=606,english187,female,english
http://accent.gmu.edu/browse_language.php?function=detail&speakerid=611,english188,male,english
http://accent.gmu.edu/browse_language.php?function=detail&speakerid=617,english189,male,english
http://accent.gmu.edu/browse_language.php?function=detail&speakerid=618,english190,male,english
http://accent.gmu.edu/browse_language.php?function=detail&speakerid=631,english191,male,english
http://accent.gmu.edu/browse_language.php?function=detail&speakerid=636,english192,female,english
http://accent.gmu.edu/browse_language.php?function=detail&speakerid=637,english193,male,english
http://accent.gmu.edu/browse_language.php?function=detail&speakerid=638,english194,male,english
http://accent.gmu.edu/browse_language.php?function=detail&speakerid=639,english195,female,english
http://accent.gmu.edu/browse_language.php?function=detail&speakerid=654,english196,female,english
http://accent.gmu.edu/browse_language.php?function=detail&speakerid=662,english197,male,english
http://accent.gmu.edu/browse_language.php?function=detail&speakerid=663,english198,male,english
http://accent.gmu.edu/browse_language.php?function=detail&speakerid=664,english199,male,english
http://accent.gmu.edu/browse_language.php?function=detail&speakerid=667,english200,female,english
http://accent.gmu.edu/browse_language.php?function=detail&speakerid=668,english201,female,english
http://accent.gmu.edu/browse_language.php?function=detail&speakerid=673,english202,male,english
http://accent.gmu.edu/browse_language.php?function=detail&speakerid=674,english203,female,english
http://accent.gmu.edu/browse_language.php?function=detail&speakerid=678,english204,male,english
http://accent.gmu.edu/browse_language.php?function=detail&speakerid=679,english205,female,english
http://accent.gmu.edu/browse_language.php?function=detail&speakerid=680,english206,female,english
http://accent.gmu.edu/browse_language.php?function=detail&speakerid=684,english207,female,english
http://accent.gmu.edu/browse_language.php?function=detail&speakerid=695,english208,male,english
http://accent.gmu.edu/browse_language.php?function=detail&speakerid=702,english209,female,english
http://accent.gmu.edu/browse_language.php?function=detail&speakerid=705,english210,female,english
http://accent.gmu.edu/browse_language.php?function=detail&speakerid=720,english211,male,english
http://accent.gmu.edu/browse_language.php?function=detail&speakerid=729,english212,male,english
http://accent.gmu.edu/browse_language.php?function=detail&speakerid=734,english213,male,english
http://accent.gmu.edu/browse_language.php?function=detail&speakerid=737,english214,male,english
http://accent.gmu.edu/browse_language.php?function=detail&speakerid=738,english215,male,english
http://accent.gmu.edu/browse_language.php?function=detail&speakerid=739,english216,female,english
http://accent.gmu.edu/browse_language.php?function=detail&speakerid=740,english217,male,english
http://accent.gmu.edu/browse_language.php?function=detail&speakerid=747,english218,female,english
http://accent.gmu.edu/browse_language.php?function=detail&speakerid=748,english219,female,english
http://accent.gmu.edu/browse_language.php?function=detail&speakerid=749,english220,female,english
http://accent.gmu.edu/browse_language.php?function=detail&speakerid=754,english221,male,english
http://accent.gmu.edu/browse_language.php?function=detail&speakerid=764,english222,female,english
http://accent.gmu.edu/browse_language.php?function=detail&speakerid=767,english223,male,english
http://accent.gmu.edu/browse_language.php?function=detail&speakerid=768,english224,male,english
http://accent.gmu.edu/browse_language.php?function=detail&speakerid=771,english225,male,english
http://accent.gmu.edu/browse_language.php?function=detail&speakerid=772,english226,male,english
http://accent.gmu.edu/browse_language.php?function=detail&speakerid=773,english227,female,english
http://accent.gmu.edu/browse_language.php?function=detail&speakerid=774,english228,female,english
http://accent.gmu.edu/browse_language.php?function=detail&speakerid=775,english229,male,english
http://accent.gmu.edu/browse_language.php?function=detail&speakerid=776,english230,male,english
http://accent.gmu.edu/browse_language.php?function=detail&speakerid=791,english231,male,english
http://accent.gmu.edu/browse_language.php?function=detail&speakerid=798,english232,female,english
http://accent.gmu.edu/browse_language.php?function=detail&speakerid=793,english233,female,english
http://accent.gmu.edu/browse_language.php?function=detail&speakerid=794,english234,male,english
http://accent.gmu.edu/browse_language.php?function=detail&speakerid=795,english235,female,english
http://accent.gmu.edu/browse_language.php?function=detail&speakerid=799,english236,male,english
http://accent.gmu.edu/browse_language.php?function=detail&speakerid=801,english237,female,english
http://accent.gmu.edu/browse_language.php?function=detail&speakerid=802,english238,female,english
http://accent.gmu.edu/browse_language.php?function=detail&speakerid=803,english239,male,english
http://accent.gmu.edu/browse_language.php?function=detail&speakerid=815,english240,male,english
http://accent.gmu.edu/browse_language.php?function=detail&speakerid=817,english241,female,english
http://accent.gmu.edu/browse_language.php?function=detail&speakerid=818,english242,female,english
http://accent.gmu.edu/browse_language.php?function=detail&speakerid=820,english243,male,english
http://accent.gmu.edu/browse_language.php?function=detail&speakerid=821,english244,male,english
http://accent.gmu.edu/browse_language.php?function=detail&speakerid=824,english245,male,english
http://accent.gmu.edu/browse_language.php?function=detail&speakerid=825,english246,male,english
http://accent.gmu.edu/browse_language.php?function=detail&speakerid=835,english247,male,english
http://accent.gmu.edu/browse_language.php?function=detail&speakerid=840,english248,female,english
http://accent.gmu.edu/browse_language.php?function=detail&speakerid=850,english249,female,english
http://accent.gmu.edu/browse_language.php?function=detail&speakerid=852,english250,male,english
http://accent.gmu.edu/browse_language.php?function=detail&speakerid=855,english251,male,english
http://accent.gmu.edu/browse_language.php?function=detail&speakerid=856,english252,female,english
http://accent.gmu.edu/browse_language.php?function=detail&speakerid=857,english253,male,english
http://accent.gmu.edu/browse_language.php?function=detail&speakerid=858,english254,male,english
http://accent.gmu.edu/browse_language.php?function=detail&speakerid=859,english255,female,english
http://accent.gmu.edu/browse_language.php?function=detail&speakerid=861,english256,male,english
http://accent.gmu.edu/browse_language.php?function=detail&speakerid=863,english257,male,english
http://accent.gmu.edu/browse_language.php?function=detail&speakerid=869,english258,male,english
http://accent.gmu.edu/browse_language.php?function=detail&speakerid=870,english259,male,english
http://accent.gmu.edu/browse_language.php?function=detail&speakerid=871,english260,female,english
http://accent.gmu.edu/browse_language.php?function=detail&speakerid=875,english261,female,english
http://accent.gmu.edu/browse_language.php?function=detail&speakerid=876,english262,male,english
http://accent.gmu.edu/browse_language.php?function=detail&speakerid=884,english263,male,english
http://accent.gmu.edu/browse_language.php?function=detail&speakerid=889,english264,male,english
http://accent.gmu.edu/browse_language.php?function=detail&speakerid=890,english265,male,english
http://accent.gmu.edu/browse_language.php?function=detail&speakerid=899,english266,male,english
http://accent.gmu.edu/browse_language.php?function=detail&speakerid=900,english267,male,english
http://accent.gmu.edu/browse_language.php?function=detail&speakerid=901,english268,female,english
http://accent.gmu.edu/browse_language.php?function=detail&speakerid=902,english269,female,english
http://accent.gmu.edu/browse_language.php?function=detail&speakerid=903,english270,male,english
http://accent.gmu.edu/browse_language.php?function=detail&speakerid=904,english271,female,english
http://accent.gmu.edu/browse_language.php?function=detail&speakerid=905,english272,male,english
http://accent.gmu.edu/browse_language.php?function=detail&speakerid=907,english273,male,english
http://accent.gmu.edu/browse_language.php?function=detail&speakerid=909,english274,female,english
http://accent.gmu.edu/browse_language.php?function=detail&speakerid=912,english275,female,english
http://accent.gmu.edu/browse_language.php?function=detail&speakerid=918,english276,female,english
http://accent.gmu.edu/browse_language.php?function=detail&speakerid=919,english277,female,english
http://accent.gmu.edu/browse_language.php?function=detail&speakerid=921,english278,female,english
http://accent.gmu.edu/browse_language.php?function=detail&speakerid=922,english279,female,english
http://accent.gmu.edu/browse_language.php?function=detail&speakerid=935,english280,female,english
http://accent.gmu.edu/browse_language.php?function=detail&speakerid=937,english281,male,english
http://accent.gmu.edu/browse_language.php?function=detail&speakerid=939,english282,male,english
http://accent.gmu.edu/browse_language.php?function=detail&speakerid=951,english283,male,english
http://accent.gmu.edu/browse_language.php?function=detail&speakerid=952,english284,male,english
http://accent.gmu.edu/browse_language.php?function=detail&speakerid=961,english285,male,english
http://accent.gmu.edu/browse_language.php?function=detail&speakerid=977,english286,female,english
http://accent.gmu.edu/browse_language.php?function=detail&speakerid=981,english287,female,english
http://accent.gmu.edu/browse_language.php?function=detail&speakerid=982,english288,female,english
http://accent.gmu.edu/browse_language.php?function=detail&speakerid=983,english289,female,english
http://accent.gmu.edu/browse_language.php?function=detail&speakerid=986,english290,male,english
http://accent.gmu.edu/browse_language.php?function=detail&speakerid=1026,english291,male,english
http://accent.gmu.edu/browse_language.php?function=detail&speakerid=1051,english292,male,english
http://accent.gmu.edu/browse_language.php?function=detail&speakerid=1052,english293,female,english
http://accent.gmu.edu/browse_language.php?function=detail&speakerid=1060,english294,female,english
http://accent.gmu.edu/browse_language.php?function=detail&speakerid=1067,english295,male,english
http://accent.gmu.edu/browse_language.php?function=detail&speakerid=1070,english296,female,english
http://accent.gmu.edu/browse_language.php?function=detail&speakerid=1071,english297,male,english
http://accent.gmu.edu/browse_language.php?function=detail&speakerid=1072,english298,male,english
http://accent.gmu.edu/browse_language.php?function=detail&speakerid=1075,english299,male,english
http://accent.gmu.edu/browse_language.php?function=detail&speakerid=1076,english300,male,english
http://accent.gmu.edu/browse_language.php?function=detail&speakerid=1078,english301,male,english
http://accent.gmu.edu/browse_language.php?function=detail&speakerid=1085,english302,male,english
http://accent.gmu.edu/browse_language.php?function=detail&speakerid=1086,english303,female,english
http://accent.gmu.edu/browse_language.php?function=detail&speakerid=1088,english304,female,english
http://accent.gmu.edu/browse_language.php?function=detail&speakerid=1094,english305,female,english
http://accent.gmu.edu/browse_language.php?function=detail&speakerid=1093,english306,female,english
http://accent.gmu.edu/browse_language.php?function=detail&speakerid=1100,english307,male,english
http://accent.gmu.edu/browse_language.php?function=detail&speakerid=1101,english308,male,english
http://accent.gmu.edu/browse_language.php?function=detail&speakerid=1105,english309,female,english
http://accent.gmu.edu/browse_language.php?function=detail&speakerid=1108,english310,female,english
http://accent.gmu.edu/browse_language.php?function=detail&speakerid=1110,english311,female,english
http://accent.gmu.edu/browse_language.php?function=detail&speakerid=1113,english312,female,english
http://accent.gmu.edu/browse_language.php?function=detail&speakerid=1119,english313,male,english
http://accent.gmu.edu/browse_language.php?function=detail&speakerid=1120,english314,female,english
http://accent.gmu.edu/browse_language.php?function=detail&speakerid=1121,english315,male,english
http://accent.gmu.edu/browse_language.php?function=detail&speakerid=1122,english316,male,english
http://accent.gmu.edu/browse_language.php?function=detail&speakerid=1132,english317,male,english
http://accent.gmu.edu/browse_language.php?function=detail&speakerid=1137,english318,male,english
http://accent.gmu.edu/browse_language.php?function=detail&speakerid=1138,english319,male,english
http://accent.gmu.edu/browse_language.php?function=detail&speakerid=1162,english320,female,english
http://accent.gmu.edu/browse_language.php?function=detail&speakerid=1163,english321,male,english
http://accent.gmu.edu/browse_language.php?function=detail&speakerid=1172,english322,male,english
http://accent.gmu.edu/browse_language.php?function=detail&speakerid=1173,english323,female,english
http://accent.gmu.edu/browse_language.php?function=detail&speakerid=1174,english324,male,english
http://accent.gmu.edu/browse_language.php?function=detail&speakerid=1176,english325,male,english
http://accent.gmu.edu/browse_language.php?function=detail&speakerid=1188,english326,male,english
http://accent.gmu.edu/browse_language.php?function=detail&speakerid=1205,english327,male,english
http://accent.gmu.edu/browse_language.php?function=detail&speakerid=1206,english328,female,english
http://accent.gmu.edu/browse_language.php?function=detail&speakerid=1207,english329,female,english
http://accent.gmu.edu/browse_language.php?function=detail&speakerid=1208,english330,female,english
http://accent.gmu.edu/browse_language.php?function=detail&speakerid=1209,english331,female,english
http://accent.gmu.edu/browse_language.php?function=detail&speakerid=1212,english332,female,english
http://accent.gmu.edu/browse_language.php?function=detail&speakerid=1214,english333,female,english
http://accent.gmu.edu/browse_language.php?function=detail&speakerid=1215,english334,female,english
http://accent.gmu.edu/browse_language.php?function=detail&speakerid=1216,english335,male,english
http://accent.gmu.edu/browse_language.php?function=detail&speakerid=1217,english336,female,english
http://accent.gmu.edu/browse_language.php?function=detail&speakerid=1218,english337,female,english
http://accent.gmu.edu/browse_language.php?function=detail&speakerid=1219,english338,female,english
http://accent.gmu.edu/browse_language.php?function=detail&speakerid=1220,english339,male,english
http://accent.gmu.edu/browse_language.php?function=detail&speakerid=1222,english340,male,english
http://accent.gmu.edu/browse_language.php?function=detail&speakerid=1224,english341,female,english
http://accent.gmu.edu/browse_language.php?function=detail&speakerid=1225,english342,male,english
http://accent.gmu.edu/browse_language.php?function=detail&speakerid=1226,english343,male,english
http://accent.gmu.edu/browse_language.php?function=detail&speakerid=1232,english344,female,english
http://accent.gmu.edu/browse_language.php?function=detail&speakerid=1233,english345,male,english
http://accent.gmu.edu/browse_language.php?function=detail&speakerid=1235,english346,male,english
http://accent.gmu.edu/browse_language.php?function=detail&speakerid=1236,english347,female,english
http://accent.gmu.edu/browse_language.php?function=detail&speakerid=1237,english348,female,english
http://accent.gmu.edu/browse_language.php?function=detail&speakerid=1239,english349,female,english
http://accent.gmu.edu/browse_language.php?function=detail&speakerid=1241,english350,female,english
http://accent.gmu.edu/browse_language.php?function=detail&speakerid=1242,english351,male,english
http://accent.gmu.edu/browse_language.php?function=detail&speakerid=1243,english352,male,english
http://accent.gmu.edu/browse_language.php?function=detail&speakerid=1246,english353,male,english
http://accent.gmu.edu/browse_language.php?function=detail&speakerid=1250,english354,female,english
http://accent.gmu.edu/browse_language.php?function=detail&speakerid=1256,english355,male,english
http://accent.gmu.edu/browse_language.php?function=detail&speakerid=1257,english356,female,english
http://accent.gmu.edu/browse_language.php?function=detail&speakerid=1258,english357,male,english
http://accent.gmu.edu/browse_language.php?function=detail&speakerid=1259,english358,male,english
http://accent.gmu.edu/browse_language.php?function=detail&speakerid=1276,english359,male,english
http://accent.gmu.edu/browse_language.php?function=detail&speakerid=1277,english360,female,english
http://accent.gmu.edu/browse_language.php?function=detail&speakerid=1280,english361,female,english
http://accent.gmu.edu/browse_language.php?function=detail&speakerid=1281,english362,male,english
http://accent.gmu.edu/browse_language.php?function=detail&speakerid=1287,english363,male,english
http://accent.gmu.edu/browse_language.php?function=detail&speakerid=1288,english364,female,english
http://accent.gmu.edu/browse_language.php?function=detail&speakerid=1292,english365,male,english
http://accent.gmu.edu/browse_language.php?function=detail&speakerid=1293,english366,female,english
http://accent.gmu.edu/browse_language.php?function=detail&speakerid=1294,english367,female,english
http://accent.gmu.edu/browse_language.php?function=detail&speakerid=1295,english368,male,english
http://accent.gmu.edu/browse_language.php?function=detail&speakerid=1297,english369,male,english
http://accent.gmu.edu/browse_language.php?function=detail&speakerid=1302,english370,male,english
http://accent.gmu.edu/browse_language.php?function=detail&speakerid=1303,english371,female,english
http://accent.gmu.edu/browse_language.php?function=detail&speakerid=1307,english372,male,english
http://accent.gmu.edu/browse_language.php?function=detail&speakerid=1308,english373,male,english
http://accent.gmu.edu/browse_language.php?function=detail&speakerid=1310,english374,male,english
http://accent.gmu.edu/browse_language.php?function=detail&speakerid=1312,english375,male,english
http://accent.gmu.edu/browse_language.php?function=detail&speakerid=1315,english376,male,english
http://accent.gmu.edu/browse_language.php?function=detail&speakerid=1319,english377,female,english
http://accent.gmu.edu/browse_language.php?function=detail&speakerid=1320,english378,female,english
http://accent.gmu.edu/browse_language.php?function=detail&speakerid=1321,english379,male,english
http://accent.gmu.edu/browse_language.php?function=detail&speakerid=1323,english380,female,english
http://accent.gmu.edu/browse_language.php?function=detail&speakerid=1324,english381,male,english
http://accent.gmu.edu/browse_language.php?function=detail&speakerid=1325,english382,male,english
http://accent.gmu.edu/browse_language.php?function=detail&speakerid=1326,english383,female,english
http://accent.gmu.edu/browse_language.php?function=detail&speakerid=1327,english384,male,english
http://accent.gmu.edu/browse_language.php?function=detail&speakerid=1328,english385,female,english
http://accent.gmu.edu/browse_language.php?function=detail&speakerid=1330,english386,female,english
http://accent.gmu.edu/browse_language.php?function=detail&speakerid=1331,english387,female,english
http://accent.gmu.edu/browse_language.php?function=detail&speakerid=1332,english388,female,english
http://accent.gmu.edu/browse_language.php?function=detail&speakerid=1333,english389,female,english
http://accent.gmu.edu/browse_language.php?function=detail&speakerid=1334,english390,male,english
http://accent.gmu.edu/browse_language.php?function=detail&speakerid=1335,english391,female,english
http://accent.gmu.edu/browse_language.php?function=detail&speakerid=1336,english392,male,english
http://accent.gmu.edu/browse_language.php?function=detail&speakerid=1337,english393,female,english
http://accent.gmu.edu/browse_language.php?function=detail&speakerid=1339,english394,female,english
http://accent.gmu.edu/browse_language.php?function=detail&speakerid=1340,english395,male,english
http://accent.gmu.edu/browse_language.php?function=detail&speakerid=1341,english396,female,english
http://accent.gmu.edu/browse_language.php?function=detail&speakerid=1342,english397,female,english
http://accent.gmu.edu/browse_language.php?function=detail&speakerid=1343,english398,female,english
http://accent.gmu.edu/browse_language.php?function=detail&speakerid=1345,english399,female,english
http://accent.gmu.edu/browse_language.php?function=detail&speakerid=1348,english400,female,english
http://accent.gmu.edu/browse_language.php?function=detail&speakerid=1349,english401,male,english
http://accent.gmu.edu/browse_language.php?function=detail&speakerid=1350,english402,female,english
http://accent.gmu.edu/browse_language.php?function=detail&speakerid=1351,english403,female,english
http://accent.gmu.edu/browse_language.php?function=detail&speakerid=1352,english404,male,english
http://accent.gmu.edu/browse_language.php?function=detail&speakerid=1353,english405,female,english
http://accent.gmu.edu/browse_language.php?function=detail&speakerid=1358,english406,female,english
http://accent.gmu.edu/browse_language.php?function=detail&speakerid=1360,english407,male,english
http://accent.gmu.edu/browse_language.php?function=detail&speakerid=1361,english408,male,english
http://accent.gmu.edu/browse_language.php?function=detail&speakerid=1362,english409,female,english
http://accent.gmu.edu/browse_language.php?function=detail&speakerid=1363,english410,male,english
http://accent.gmu.edu/browse_language.php?function=detail&speakerid=1371,english411,female,english
http://accent.gmu.edu/browse_language.php?function=detail&speakerid=1372,english412,female,english
http://accent.gmu.edu/browse_language.php?function=detail&speakerid=1373,english413,female,english
http://accent.gmu.edu/browse_language.php?function=detail&speakerid=1374,english414,female,english
http://accent.gmu.edu/browse_language.php?function=detail&speakerid=1375,english415,male,english
http://accent.gmu.edu/browse_language.php?function=detail&speakerid=1377,english416,male,english
http://accent.gmu.edu/browse_language.php?function=detail&speakerid=1380,english417,female,english
http://accent.gmu.edu/browse_language.php?function=detail&speakerid=1384,english418,male,english
http://accent.gmu.edu/browse_language.php?function=detail&speakerid=1385,english419,male,english
http://accent.gmu.edu/browse_language.php?function=detail&speakerid=1387,english420,male,english
http://accent.gmu.edu/browse_language.php?function=detail&speakerid=1388,english421,male,english
http://accent.gmu.edu/browse_language.php?function=detail&speakerid=1390,english422,male,english
http://accent.gmu.edu/browse_language.php?function=detail&speakerid=1395,english423,female,english
http://accent.gmu.edu/browse_language.php?function=detail&speakerid=1409,english424,male,english
http://accent.gmu.edu/browse_language.php?function=detail&speakerid=1410,english425,male,english
http://accent.gmu.edu/browse_language.php?function=detail&speakerid=1411,english426,female,english
http://accent.gmu.edu/browse_language.php?function=detail&speakerid=1412,english427,female,english
http://accent.gmu.edu/browse_language.php?function=detail&speakerid=1413,english428,female,english
http://accent.gmu.edu/browse_language.php?function=detail&speakerid=1416,english429,female,english
http://accent.gmu.edu/browse_language.php?function=detail&speakerid=1419,english430,female,english
http://accent.gmu.edu/browse_language.php?function=detail&speakerid=1423,english431,female,english
http://accent.gmu.edu/browse_language.php?function=detail&speakerid=1428,english432,female,english
http://accent.gmu.edu/browse_language.php?function=detail&speakerid=1430,english433,female,english
http://accent.gmu.edu/browse_language.php?function=detail&speakerid=1469,english434,male,english
http://accent.gmu.edu/browse_language.php?function=detail&speakerid=1471,english435,female,english
http://accent.gmu.edu/browse_language.php?function=detail&speakerid=1475,english436,female,english
http://accent.gmu.edu/browse_language.php?function=detail&speakerid=1477,english437,male,english
http://accent.gmu.edu/browse_language.php?function=detail&speakerid=1492,english438,female,english
http://accent.gmu.edu/browse_language.php?function=detail&speakerid=1493,english439,female,english
http://accent.gmu.edu/browse_language.php?function=detail&speakerid=1502,english440,female,english
http://accent.gmu.edu/browse_language.php?function=detail&speakerid=1524,english441,female,english
http://accent.gmu.edu/browse_language.php?function=detail&speakerid=1528,english442,male,english
http://accent.gmu.edu/browse_language.php?function=detail&speakerid=1530,english443,male,english
http://accent.gmu.edu/browse_language.php?function=detail&speakerid=1531,english444,male,english
http://accent.gmu.edu/browse_language.php?function=detail&speakerid=1532,english445,male,english
http://accent.gmu.edu/browse_language.php?function=detail&speakerid=1533,english446,female,english
http://accent.gmu.edu/browse_language.php?function=detail&speakerid=1534,english447,male,english
http://accent.gmu.edu/browse_language.php?function=detail&speakerid=1536,english448,male,english
http://accent.gmu.edu/browse_language.php?function=detail&speakerid=1538,english449,male,english
http://accent.gmu.edu/browse_language.php?function=detail&speakerid=1544,english450,male,english
http://accent.gmu.edu/browse_language.php?function=detail&speakerid=1546,english451,male,english
http://accent.gmu.edu/browse_language.php?function=detail&speakerid=1547,english452,male,english
http://accent.gmu.edu/browse_language.php?function=detail&speakerid=1548,english453,female,english
http://accent.gmu.edu/browse_language.php?function=detail&speakerid=1550,english454,female,english
http://accent.gmu.edu/browse_language.php?function=detail&speakerid=1552,english455,female,english
http://accent.gmu.edu/browse_language.php?function=detail&speakerid=1554,english456,female,english
http://accent.gmu.edu/browse_language.php?function=detail&speakerid=1555,english457,male,english
http://accent.gmu.edu/browse_language.php?function=detail&speakerid=1559,english458,female,english
http://accent.gmu.edu/browse_language.php?function=detail&speakerid=1560,english459,male,english
http://accent.gmu.edu/browse_language.php?function=detail&speakerid=1561,english460,female,english
http://accent.gmu.edu/browse_language.php?function=detail&speakerid=1563,english461,female,english
http://accent.gmu.edu/browse_language.php?function=detail&speakerid=1564,english462,male,english
http://accent.gmu.edu/browse_language.php?function=detail&speakerid=1571,english463,female,english
http://accent.gmu.edu/browse_language.php?function=detail&speakerid=1618,english464,male,english
http://accent.gmu.edu/browse_language.php?function=detail&speakerid=1635,english465,male,english
http://accent.gmu.edu/browse_language.php?function=detail&speakerid=1637,english466,male,english
http://accent.gmu.edu/browse_language.php?function=detail&speakerid=1639,english467,male,english
http://accent.gmu.edu/browse_language.php?function=detail&speakerid=1640,english468,male,english
http://accent.gmu.edu/browse_language.php?function=detail&speakerid=1641,english469,male,english
http://accent.gmu.edu/browse_language.php?function=detail&speakerid=1642,english470,male,english
http://accent.gmu.edu/browse_language.php?function=detail&speakerid=1648,english471,female,english
http://accent.gmu.edu/browse_language.php?function=detail&speakerid=1649,english472,male,english
http://accent.gmu.edu/browse_language.php?function=detail&speakerid=1650,english473,male,english
http://accent.gmu.edu/browse_language.php?function=detail&speakerid=1656,english474,female,english
http://accent.gmu.edu/browse_language.php?function=detail&speakerid=1657,english475,female,english
http://accent.gmu.edu/browse_language.php?function=detail&speakerid=1658,english476,female,english
http://accent.gmu.edu/browse_language.php?function=detail&speakerid=1659,english477,female,english
http://accent.gmu.edu/browse_language.php?function=detail&speakerid=1661,english478,male,english
http://accent.gmu.edu/browse_language.php?function=detail&speakerid=1664,english479,female,english
http://accent.gmu.edu/browse_language.php?function=detail&speakerid=1665,english480,male,english
http://accent.gmu.edu/browse_language.php?function=detail&speakerid=1666,english481,female,english
http://accent.gmu.edu/browse_language.php?function=detail&speakerid=1667,english482,female,english
http://accent.gmu.edu/browse_language.php?function=detail&speakerid=1668,english483,male,english
http://accent.gmu.edu/browse_language.php?function=detail&speakerid=1672,english484,male,english
http://accent.gmu.edu/browse_language.php?function=detail&speakerid=1674,english485,male,english
http://accent.gmu.edu/browse_language.php?function=detail&speakerid=1683,english486,female,english
http://accent.gmu.edu/browse_language.php?function=detail&speakerid=1688,english487,female,english
http://accent.gmu.edu/browse_language.php?function=detail&speakerid=1692,english488,female,english
http://accent.gmu.edu/browse_language.php?function=detail&speakerid=1694,english489,female,english
http://accent.gmu.edu/browse_language.php?function=detail&speakerid=1709,english490,male,english
http://accent.gmu.edu/browse_language.php?function=detail&speakerid=1713,english491,female,english
http://accent.gmu.edu/browse_language.php?function=detail&speakerid=1716,english492,female,english
http://accent.gmu.edu/browse_language.php?function=detail&speakerid=1718,english493,male,english
http://accent.gmu.edu/browse_language.php?function=detail&speakerid=1719,english494,male,english
http://accent.gmu.edu/browse_language.php?function=detail&speakerid=1720,english495,male,english
http://accent.gmu.edu/browse_language.php?function=detail&speakerid=1724,english496,male,english
http://accent.gmu.edu/browse_language.php?function=detail&speakerid=1726,english497,male,english
http://accent.gmu.edu/browse_language.php?function=detail&speakerid=1727,english498,male,english
http://accent.gmu.edu/browse_language.php?function=detail&speakerid=1728,english499,female,english
http://accent.gmu.edu/browse_language.php?function=detail&speakerid=1733,english500,male,english
http://accent.gmu.edu/browse_language.php?function=detail&speakerid=1734,english501,female,english
http://accent.gmu.edu/browse_language.php?function=detail&speakerid=1735,english502,female,english
http://accent.gmu.edu/browse_language.php?function=detail&speakerid=1739,english503,female,english
http://accent.gmu.edu/browse_language.php?function=detail&speakerid=1786,english504,male,english
http://accent.gmu.edu/browse_language.php?function=detail&speakerid=1798,english505,female,english
http://accent.gmu.edu/browse_language.php?function=detail&speakerid=1799,english506,female,english
http://accent.gmu.edu/browse_language.php?function=detail&speakerid=1800,english507,male,english
http://accent.gmu.edu/browse_language.php?function=detail&speakerid=1801,english508,female,english
http://accent.gmu.edu/browse_language.php?function=detail&speakerid=1802,english509,female,english
http://accent.gmu.edu/browse_language.php?function=detail&speakerid=1803,english510,female,english
http://accent.gmu.edu/browse_language.php?function=detail&speakerid=1818,english511,female,english
http://accent.gmu.edu/browse_language.php?function=detail&speakerid=1819,english512,female,english
http://accent.gmu.edu/browse_language.php?function=detail&speakerid=1856,english513,female,english
http://accent.gmu.edu/browse_language.php?function=detail&speakerid=1872,english514,male,english
http://accent.gmu.edu/browse_language.php?function=detail&speakerid=1873,english515,female,english
http://accent.gmu.edu/browse_language.php?function=detail&speakerid=1875,english516,female,english
http://accent.gmu.edu/browse_language.php?function=detail&speakerid=1876,english517,male,english
http://accent.gmu.edu/browse_language.php?function=detail&speakerid=1878,english518,male,english
http://accent.gmu.edu/browse_language.php?function=detail&speakerid=1882,english519,female,english
http://accent.gmu.edu/browse_language.php?function=detail&speakerid=1884,english520,female,english
http://accent.gmu.edu/browse_language.php?function=detail&speakerid=1886,english521,female,english
http://accent.gmu.edu/browse_language.php?function=detail&speakerid=1887,english522,female,english
http://accent.gmu.edu/browse_language.php?function=detail&speakerid=1888,english523,female,english
http://accent.gmu.edu/browse_language.php?function=detail&speakerid=1890,english524,male,english
http://accent.gmu.edu/browse_language.php?function=detail&speakerid=1893,english525,female,english
http://accent.gmu.edu/browse_language.php?function=detail&speakerid=1895,english526,male,english
http://accent.gmu.edu/browse_language.php?function=detail&speakerid=1907,english527,female,english
http://accent.gmu.edu/browse_language.php?function=detail&speakerid=1908,english528,female,english
http://accent.gmu.edu/browse_language.php?function=detail&speakerid=1925,english529,female,english
http://accent.gmu.edu/browse_language.php?function=detail&speakerid=1926,english530,female,english
http://accent.gmu.edu/browse_language.php?function=detail&speakerid=1928,english531,female,english
http://accent.gmu.edu/browse_language.php?function=detail&speakerid=1933,english532,female,english
http://accent.gmu.edu/browse_language.php?function=detail&speakerid=1934,english533,female,english
http://accent.gmu.edu/browse_language.php?function=detail&speakerid=1951,english534,female,english
http://accent.gmu.edu/browse_language.php?function=detail&speakerid=1955,english535,female,english
http://accent.gmu.edu/browse_language.php?function=detail&speakerid=1956,english536,female,english
http://accent.gmu.edu/browse_language.php?function=detail&speakerid=1957,english537,female,english
http://accent.gmu.edu/browse_language.php?function=detail&speakerid=1958,english538,female,english
http://accent.gmu.edu/browse_language.php?function=detail&speakerid=1959,english539,female,english
http://accent.gmu.edu/browse_language.php?function=detail&speakerid=1960,english540,female,english
http://accent.gmu.edu/browse_language.php?function=detail&speakerid=1961,english541,female,english
http://accent.gmu.edu/browse_language.php?function=detail&speakerid=1962,english542,male,english
http://accent.gmu.edu/browse_language.php?function=detail&speakerid=1969,english543,female,english
http://accent.gmu.edu/browse_language.php?function=detail&speakerid=1970,english544,male,english
http://accent.gmu.edu/browse_language.php?function=detail&speakerid=1995,english545,male,english
http://accent.gmu.edu/browse_language.php?function=detail&speakerid=1996,english546,female,english
http://accent.gmu.edu/browse_language.php?function=detail&speakerid=1997,english547,male,english
http://accent.gmu.edu/browse_language.php?function=detail&speakerid=2003,english548,male,english
http://accent.gmu.edu/browse_language.php?function=detail&speakerid=2012,english549,female,english
http://accent.gmu.edu/browse_language.php?function=detail&speakerid=2028,english550,male,english
http://accent.gmu.edu/browse_language.php?function=detail&speakerid=2029,english551,female,english
http://accent.gmu.edu/browse_language.php?function=detail&speakerid=2043,english552,female,english
http://accent.gmu.edu/browse_language.php?function=detail&speakerid=2046,english553,male,english
http://accent.gmu.edu/browse_language.php?function=detail&speakerid=2047,english554,female,english
http://accent.gmu.edu/browse_language.php?function=detail&speakerid=2049,english555,male,english
http://accent.gmu.edu/browse_language.php?function=detail&speakerid=2050,english556,female,english
http://accent.gmu.edu/browse_language.php?function=detail&speakerid=2053,english557,female,english
http://accent.gmu.edu/browse_language.php?function=detail&speakerid=2055,english558,male,english
http://accent.gmu.edu/browse_language.php?function=detail&speakerid=2056,english559,female,english
http://accent.gmu.edu/browse_language.php?function=detail&speakerid=2059,english560,female,english
http://accent.gmu.edu/browse_language.php?function=detail&speakerid=2060,english561,female,english
http://accent.gmu.edu/browse_language.php?function=detail&speakerid=2061,english562,female,english
http://accent.gmu.edu/browse_language.php?function=detail&speakerid=2074,english563,male,english
http://accent.gmu.edu/browse_language.php?function=detail&speakerid=2077,english564,male,english
http://accent.gmu.edu/browse_language.php?function=detail&speakerid=2080,english565,female,english
http://accent.gmu.edu/browse_language.php?function=detail&speakerid=2081,english566,male,english
http://accent.gmu.edu/browse_language.php?function=detail&speakerid=2101,english567,male,english
http://accent.gmu.edu/browse_language.php?function=detail&speakerid=2103,english568,female,english
http://accent.gmu.edu/browse_language.php?function=detail&speakerid=2104,english569,male,english
http://accent.gmu.edu/browse_language.php?function=detail&speakerid=2106,english570,female,english
http://accent.gmu.edu/browse_language.php?function=detail&speakerid=2113,english571,male,english
http://accent.gmu.edu/browse_language.php?function=detail&speakerid=2121,english572,male,english
http://accent.gmu.edu/browse_language.php?function=detail&speakerid=2124,english573,male,english
http://accent.gmu.edu/browse_language.php?function=detail&speakerid=2162,english574,female,english
http://accent.gmu.edu/browse_language.php?function=detail&speakerid=2165,english575,male,english
http://accent.gmu.edu/browse_language.php?function=detail&speakerid=2167,english576,female,english
http://accent.gmu.edu/browse_language.php?function=detail&speakerid=2170,english577,female,english
http://accent.gmu.edu/browse_language.php?function=detail&speakerid=2171,english578,male,english
http://accent.gmu.edu/browse_language.php?function=detail&speakerid=2172,english579,male,english
http://accent.gmu.edu/browse_language.php?function=detail&speakerid=2185,english580,male,english
http://accent.gmu.edu/browse_language.php?function=detail&speakerid=2186,english581,female,english
http://accent.gmu.edu/browse_language.php?function=detail&speakerid=2187,english582,male,english
http://accent.gmu.edu/browse_language.php?function=detail&speakerid=2195,english583,male,english
http://accent.gmu.edu/browse_language.php?function=detail&speakerid=2197,english584,male,english
http://accent.gmu.edu/browse_language.php?function=detail&speakerid=2207,english585,female,english
http://accent.gmu.edu/browse_language.php?function=detail&speakerid=2221,english586,female,english
http://accent.gmu.edu/browse_language.php?function=detail&speakerid=2225,english587,female,english
http://accent.gmu.edu/browse_language.php?function=detail&speakerid=2361,english588,female,english
http://accent.gmu.edu/browse_language.php?function=detail&speakerid=2362,english589,male,english
http://accent.gmu.edu/browse_language.php?function=detail&speakerid=2374,english590,female,english
http://accent.gmu.edu/browse_language.php?function=detail&speakerid=2375,english591,female,english
http://accent.gmu.edu/browse_language.php?function=detail&speakerid=2376,english592,female,english
http://accent.gmu.edu/browse_language.php?function=detail&speakerid=2377,english593,female,english
http://accent.gmu.edu/browse_language.php?function=detail&speakerid=2378,english594,female,english
http://accent.gmu.edu/browse_language.php?function=detail&speakerid=2379,english595,female,english
http://accent.gmu.edu/browse_language.php?function=detail&speakerid=2380,english596,female,english
http://accent.gmu.edu/browse_language.php?function=detail&speakerid=2381,english597,male,english
http://accent.gmu.edu/browse_language.php?function=detail&speakerid=2382,english598,male,english
http://accent.gmu.edu/browse_language.php?function=detail&speakerid=2383,english599,female,english
http://accent.gmu.edu/browse_language.php?function=detail&speakerid=2385,english600,female,english
http://accent.gmu.edu/browse_language.php?function=detail&speakerid=2404,english601,male,english
http://accent.gmu.edu/browse_language.php?function=detail&speakerid=2405,english602,female,english
http://accent.gmu.edu/browse_language.php?function=detail&speakerid=2428,english603,male,english
http://accent.gmu.edu/browse_language.php?function=detail&speakerid=2438,english604,female,english
http://accent.gmu.edu/browse_language.php?function=detail&speakerid=2439,english605,male,english
http://accent.gmu.edu/browse_language.php?function=detail&speakerid=2440,english606,female,english
http://accent.gmu.edu/browse_language.php?function=detail&speakerid=2441,english607,female,english
http://accent.gmu.edu/browse_language.php?function=detail&speakerid=2442,english608,male,english
http://accent.gmu.edu/browse_language.php?function=detail&speakerid=2443,english609,female,english
http://accent.gmu.edu/browse_language.php?function=detail&speakerid=2444,english610,female,english
http://accent.gmu.edu/browse_language.php?function=detail&speakerid=2445,english611,male,english
http://accent.gmu.edu/browse_language.php?function=detail&speakerid=2533,english612,male,english
http://accent.gmu.edu/browse_language.php?function=detail&speakerid=2570,english613,male,english
http://accent.gmu.edu/browse_language.php?function=detail&speakerid=2606,english614,female,english
http://accent.gmu.edu/browse_language.php?function=detail&speakerid=2613,english615,male,english
http://accent.gmu.edu/browse_language.php?function=detail&speakerid=2619,english616,male,english
http://accent.gmu.edu/browse_language.php?function=detail&speakerid=2630,english617,female,english
http://accent.gmu.edu/browse_language.php?function=detail&speakerid=2674,english618,male,english
http://accent.gmu.edu/browse_language.php?function=detail&speakerid=2724,english619,male,english
http://accent.gmu.edu/browse_language.php?function=detail&speakerid=2735,english620,male,english
http://accent.gmu.edu/browse_language.php?function=detail&speakerid=11,arabic1,female,arabic
http://accent.gmu.edu/browse_language.php?function=detail&speakerid=16,arabic2,male,arabic
http://accent.gmu.edu/browse_language.php?function=detail&speakerid=17,arabic3,male,arabic
http://accent.gmu.edu/browse_language.php?function=detail&speakerid=18,arabic4,male,arabic
http://accent.gmu.edu/browse_language.php?function=detail&speakerid=19,arabic5,female,arabic
http://accent.gmu.edu/browse_language.php?function=detail&speakerid=20,arabic6,male,arabic
http://accent.gmu.edu/browse_language.php?function=detail&speakerid=21,arabic7,female,arabic
http://accent.gmu.edu/browse_language.php?function=detail&speakerid=22,arabic8,male,arabic
http://accent.gmu.edu/browse_language.php?function=detail&speakerid=23,arabic9,female,arabic
http://accent.gmu.edu/browse_language.php?function=detail&speakerid=12,arabic10,male,arabic
http://accent.gmu.edu/browse_language.php?function=detail&speakerid=13,arabic11,female,arabic
http://accent.gmu.edu/browse_language.php?function=detail&speakerid=14,arabic12,male,arabic
http://accent.gmu.edu/browse_language.php?function=detail&speakerid=15,arabic13,male,arabic
http://accent.gmu.edu/browse_language.php?function=detail&speakerid=428,arabic14,male,arabic
http://accent.gmu.edu/browse_language.php?function=detail&speakerid=437,arabic15,male,arabic
http://accent.gmu.edu/browse_language.php?function=detail&speakerid=471,arabic16,male,arabic
http://accent.gmu.edu/browse_language.php?function=detail&speakerid=512,arabic17,male,arabic
http://accent.gmu.edu/browse_language.php?function=detail&speakerid=539,arabic18,male,arabic
http://accent.gmu.edu/browse_language.php?function=detail&speakerid=625,arabic19,male,arabic
http://accent.gmu.edu/browse_language.php?function=detail&speakerid=643,arabic20,male,arabic
http://accent.gmu.edu/browse_language.php?function=detail&speakerid=670,arabic21,female,arabic
http://accent.gmu.edu/browse_language.php?function=detail&speakerid=920,arabic22,female,arabic
http://accent.gmu.edu/browse_language.php?function=detail&speakerid=927,arabic23,male,arabic
http://accent.gmu.edu/browse_language.php?function=detail&speakerid=970,arabic24,male,arabic
http://accent.gmu.edu/browse_language.php?function=detail&speakerid=1011,arabic25,male,arabic
http://accent.gmu.edu/browse_language.php?function=detail&speakerid=1012,arabic26,female,arabic
http://accent.gmu.edu/browse_language.php?function=detail&speakerid=1013,arabic27,male,arabic
http://accent.gmu.edu/browse_language.php?function=detail&speakerid=1115,arabic28,male,arabic
http://accent.gmu.edu/browse_language.php?function=detail&speakerid=1116,arabic29,male,arabic
http://accent.gmu.edu/browse_language.php?function=detail&speakerid=1133,arabic30,female,arabic
http://accent.gmu.edu/browse_language.php?function=detail&speakerid=1181,arabic31,female,arabic
http://accent.gmu.edu/browse_language.php?function=detail&speakerid=1203,arabic32,male,arabic
http://accent.gmu.edu/browse_language.php?function=detail&speakerid=1204,arabic33,female,arabic
http://accent.gmu.edu/browse_language.php?function=detail&speakerid=1253,arabic34,female,arabic
http://accent.gmu.edu/browse_language.php?function=detail&speakerid=1391,arabic35,male,arabic
http://accent.gmu.edu/browse_language.php?function=detail&speakerid=1392,arabic36,male,arabic
http://accent.gmu.edu/browse_language.php?function=detail&speakerid=1393,arabic37,male,arabic
http://accent.gmu.edu/browse_language.php?function=detail&speakerid=1394,arabic38,female,arabic
http://accent.gmu.edu/browse_language.php?function=detail&speakerid=1405,arabic39,male,arabic
http://accent.gmu.edu/browse_language.php?function=detail&speakerid=1420,arabic40,male,arabic
http://accent.gmu.edu/browse_language.php?function=detail&speakerid=1421,arabic41,male,arabic
http://accent.gmu.edu/browse_language.php?function=detail&speakerid=1422,arabic42,male,arabic
http://accent.gmu.edu/browse_language.php?function=detail&speakerid=1426,arabic43,female,arabic
http://accent.gmu.edu/browse_language.php?function=detail&speakerid=1455,arabic44,female,arabic
http://accent.gmu.edu/browse_language.php?function=detail&speakerid=1456,arabic45,female,arabic
http://accent.gmu.edu/browse_language.php?function=detail&speakerid=1457,arabic46,male,arabic
http://accent.gmu.edu/browse_language.php?function=detail&speakerid=1458,arabic47,male,arabic
http://accent.gmu.edu/browse_language.php?function=detail&speakerid=1459,arabic48,male,arabic
http://accent.gmu.edu/browse_language.php?function=detail&speakerid=1460,arabic49,male,arabic
http://accent.gmu.edu/browse_language.php?function=detail&speakerid=1461,arabic50,male,arabic
http://accent.gmu.edu/browse_language.php?function=detail&speakerid=1486,arabic51,male,arabic
http://accent.gmu.edu/browse_language.php?function=detail&speakerid=1487,arabic52,female,arabic
http://accent.gmu.edu/browse_language.php?function=detail&speakerid=1526,arabic53,male,arabic
http://accent.gmu.edu/browse_language.php?function=detail&speakerid=1565,arabic54,male,arabic
http://accent.gmu.edu/browse_language.php?function=detail&speakerid=1569,arabic55,male,arabic
http://accent.gmu.edu/browse_language.php?function=detail&speakerid=1677,arabic56,male,arabic
http://accent.gmu.edu/browse_language.php?function=detail&speakerid=1699,arabic57,female,arabic
http://accent.gmu.edu/browse_language.php?function=detail&speakerid=1700,arabic58,male,arabic
http://accent.gmu.edu/browse_language.php?function=detail&speakerid=1702,arabic59,male,arabic
http://accent.gmu.edu/browse_language.php?function=detail&speakerid=1711,arabic60,male,arabic
http://accent.gmu.edu/browse_language.php?function=detail&speakerid=1753,arabic61,male,arabic
http://accent.gmu.edu/browse_language.php?function=detail&speakerid=1768,arabic62,male,arabic
http://accent.gmu.edu/browse_language.php?function=detail&speakerid=1769,arabic63,female,arabic
http://accent.gmu.edu/browse_language.php?function=detail&speakerid=1777,arabic64,male,arabic
http://accent.gmu.edu/browse_language.php?function=detail&speakerid=1778,arabic65,female,arabic
http://accent.gmu.edu/browse_language.php?function=detail&speakerid=1784,arabic66,male,arabic
http://accent.gmu.edu/browse_language.php?function=detail&speakerid=1785,arabic67,male,arabic
http://accent.gmu.edu/browse_language.php?function=detail&speakerid=1805,arabic68,male,arabic
http://accent.gmu.edu/browse_language.php?function=detail&speakerid=1810,arabic69,female,arabic
http://accent.gmu.edu/browse_language.php?function=detail&speakerid=1827,arabic70,male,arabic
http://accent.gmu.edu/browse_language.php?function=detail&speakerid=1828,arabic71,female,arabic
http://accent.gmu.edu/browse_language.php?function=detail&speakerid=1832,arabic72,female,arabic
http://accent.gmu.edu/browse_language.php?function=detail&speakerid=1841,arabic73,female,arabic
http://accent.gmu.edu/browse_language.php?function=detail&speakerid=1870,arabic74,male,arabic
http://accent.gmu.edu/browse_language.php?function=detail&speakerid=1885,arabic75,female,arabic
http://accent.gmu.edu/browse_language.php?function=detail&speakerid=1892,arabic76,male,arabic
http://accent.gmu.edu/browse_language.php?function=detail&speakerid=1894,arabic77,female,arabic
http://accent.gmu.edu/browse_language.php?function=detail&speakerid=1897,arabic78,female,arabic
http://accent.gmu.edu/browse_language.php?function=detail&speakerid=1899,arabic79,female,arabic
http://accent.gmu.edu/browse_language.php?function=detail&speakerid=1901,arabic80,male,arabic
http://accent.gmu.edu/browse_language.php?function=detail&speakerid=1914,arabic81,male,arabic
http://accent.gmu.edu/browse_language.php?function=detail&speakerid=1917,arabic82,male,arabic
http://accent.gmu.edu/browse_language.php?function=detail&speakerid=1920,arabic83,male,arabic
http://accent.gmu.edu/browse_language.php?function=detail&speakerid=1927,arabic84,female,arabic
http://accent.gmu.edu/browse_language.php?function=detail&speakerid=1963,arabic85,female,arabic
http://accent.gmu.edu/browse_language.php?function=detail&speakerid=1964,arabic86,male,arabic
http://accent.gmu.edu/browse_language.php?function=detail&speakerid=2005,arabic87,female,arabic
http://accent.gmu.edu/browse_language.php?function=detail&speakerid=2008,arabic88,female,arabic
http://accent.gmu.edu/browse_language.php?function=detail&speakerid=2022,arabic89,female,arabic
http://accent.gmu.edu/browse_language.php?function=detail&speakerid=2036,arabic90,female,arabic
http://accent.gmu.edu/browse_language.php?function=detail&speakerid=2086,arabic91,female,arabic
http://accent.gmu.edu/browse_language.php?function=detail&speakerid=2087,arabic92,male,arabic
http://accent.gmu.edu/browse_language.php?function=detail&speakerid=2112,arabic93,female,arabic
http://accent.gmu.edu/browse_language.php?function=detail&speakerid=2114,arabic94,female,arabic
http://accent.gmu.edu/browse_language.php?function=detail&speakerid=2143,arabic95,female,arabic
http://accent.gmu.edu/browse_language.php?function=detail&speakerid=2153,arabic96,male,arabic
http://accent.gmu.edu/browse_language.php?function=detail&speakerid=2154,arabic97,female,arabic
http://accent.gmu.edu/browse_language.php?function=detail&speakerid=2155,arabic98,female,arabic
http://accent.gmu.edu/browse_language.php?function=detail&speakerid=2157,arabic99,female,arabic
http://accent.gmu.edu/browse_language.php?function=detail&speakerid=2159,arabic100,female,arabic
http://accent.gmu.edu/browse_language.php?function=detail&speakerid=2160,arabic101,male,arabic
http://accent.gmu.edu/browse_language.php?function=detail&speakerid=2161,arabic102,male,arabic
http://accent.gmu.edu/browse_language.php?function=detail&speakerid=2196,arabic103,male,arabic
http://accent.gmu.edu/browse_language.php?function=detail&speakerid=2200,arabic104,female,arabic
http://accent.gmu.edu/browse_language.php?function=detail&speakerid=2201,arabic105,female,arabic
http://accent.gmu.edu/browse_language.php?function=detail&speakerid=2202,arabic106,male,arabic
http://accent.gmu.edu/browse_language.php?function=detail&speakerid=2203,arabic107,male,arabic
http://accent.gmu.edu/browse_language.php?function=detail&speakerid=2204,arabic108,female,arabic
http://accent.gmu.edu/browse_language.php?function=detail&speakerid=2205,arabic109,female,arabic
http://accent.gmu.edu/browse_language.php?function=detail&speakerid=2216,arabic110,male,arabic
http://accent.gmu.edu/browse_language.php?function=detail&speakerid=2217,arabic111,female,arabic
http://accent.gmu.edu/browse_language.php?function=detail&speakerid=2218,arabic112,female,arabic
http://accent.gmu.edu/browse_language.php?function=detail&speakerid=2219,arabic113,female,arabic
http://accent.gmu.edu/browse_language.php?function=detail&speakerid=2220,arabic114,female,arabic
http://accent.gmu.edu/browse_language.php?function=detail&speakerid=2222,arabic115,female,arabic
http://accent.gmu.edu/browse_language.php?function=detail&speakerid=2243,arabic116,female,arabic
http://accent.gmu.edu/browse_language.php?function=detail&speakerid=2253,arabic117,male,arabic
http://accent.gmu.edu/browse_language.php?function=detail&speakerid=2254,arabic118,male,arabic
http://accent.gmu.edu/browse_language.php?function=detail&speakerid=2256,arabic119,male,arabic
http://accent.gmu.edu/browse_language.php?function=detail&speakerid=2257,arabic120,male,arabic
http://accent.gmu.edu/browse_language.php?function=detail&speakerid=2258,arabic121,male,arabic
http://accent.gmu.edu/browse_language.php?function=detail&speakerid=2268,arabic122,male,arabic
http://accent.gmu.edu/browse_language.php?function=detail&speakerid=2304,arabic123,male,arabic
http://accent.gmu.edu/browse_language.php?function=detail&speakerid=2310,arabic124,male,arabic
http://accent.gmu.edu/browse_language.php?function=detail&speakerid=2311,arabic125,male,arabic
http://accent.gmu.edu/browse_language.php?function=detail&speakerid=2312,arabic126,male,arabic
http://accent.gmu.edu/browse_language.php?function=detail&speakerid=2313,arabic127,female,arabic
http://accent.gmu.edu/browse_language.php?function=detail&speakerid=2321,arabic128,male,arabic
http://accent.gmu.edu/browse_language.php?function=detail&speakerid=2331,arabic129,male,arabic
http://accent.gmu.edu/browse_language.php?function=detail&speakerid=2344,arabic130,male,arabic
http://accent.gmu.edu/browse_language.php?function=detail&speakerid=2345,arabic131,male,arabic
http://accent.gmu.edu/browse_language.php?function=detail&speakerid=2387,arabic132,female,arabic
http://accent.gmu.edu/browse_language.php?function=detail&speakerid=2399,arabic133,female,arabic
http://accent.gmu.edu/browse_language.php?function=detail&speakerid=2407,arabic134,female,arabic
http://accent.gmu.edu/browse_language.php?function=detail&speakerid=2410,arabic135,female,arabic
http://accent.gmu.edu/browse_language.php?function=detail&speakerid=2411,arabic136,female,arabic
http://accent.gmu.edu/browse_language.php?function=detail&speakerid=2425,arabic137,male,arabic
http://accent.gmu.edu/browse_language.php?function=detail&speakerid=2426,arabic138,male,arabic
http://accent.gmu.edu/browse_language.php?function=detail&speakerid=2427,arabic139,male,arabic
http://accent.gmu.edu/browse_language.php?function=detail&speakerid=2433,arabic140,female,arabic
http://accent.gmu.edu/browse_language.php?function=detail&speakerid=2437,arabic141,male,arabic
http://accent.gmu.edu/browse_language.php?function=detail&speakerid=2452,arabic142,male,arabic
http://accent.gmu.edu/browse_language.php?function=detail&speakerid=2470,arabic143,female,arabic
http://accent.gmu.edu/browse_language.php?function=detail&speakerid=2479,arabic144,male,arabic
http://accent.gmu.edu/browse_language.php?function=detail&speakerid=2488,arabic145,female,arabic
http://accent.gmu.edu/browse_language.php?function=detail&speakerid=2508,arabic146,male,arabic
http://accent.gmu.edu/browse_language.php?function=detail&speakerid=2544,arabic147,female,arabic
http://accent.gmu.edu/browse_language.php?function=detail&speakerid=2550,arabic148,female,arabic
http://accent.gmu.edu/browse_language.php?function=detail&speakerid=2584,arabic149,female,arabic
http://accent.gmu.edu/browse_language.php?function=detail&speakerid=2592,arabic150,female,arabic
http://accent.gmu.edu/browse_language.php?function=detail&speakerid=2598,arabic151,female,arabic
http://accent.gmu.edu/browse_language.php?function=detail&speakerid=2607,arabic152,female,arabic
http://accent.gmu.edu/browse_language.php?function=detail&speakerid=2676,arabic153,male,arabic
http://accent.gmu.edu/browse_language.php?function=detail&speakerid=2693,arabic154,male,arabic
http://accent.gmu.edu/browse_language.php?function=detail&speakerid=2720,arabic155,male,arabic
http://accent.gmu.edu/browse_language.php?function=detail&speakerid=2730,arabic156,female,arabic
http://accent.gmu.edu/browse_language.php?function=detail&speakerid=2734,arabic157,female,arabic
http://accent.gmu.edu/browse_language.php?function=detail&speakerid=2741,arabic158,male,arabic
http://accent.gmu.edu/browse_language.php?function=detail&speakerid=2742,arabic159,male,arabic
http://accent.gmu.edu/browse_language.php?function=detail&speakerid=2743,arabic160,female,arabic
http://accent.gmu.edu/browse_language.php?function=detail&speakerid=2749,arabic161,female,arabic
http://accent.gmu.edu/browse_language.php?function=detail&speakerid=2750,arabic162,male,arabic
http://accent.gmu.edu/browse_language.php?function=detail&speakerid=2752,arabic163,female,arabic
http://accent.gmu.edu/browse_language.php?function=detail&speakerid=2765,arabic164,female,arabic
http://accent.gmu.edu/browse_language.php?function=detail&speakerid=2771,arabic165,female,arabic
http://accent.gmu.edu/browse_language.php?function=detail&speakerid=2780,arabic166,male,arabic
